Order Date,Product,Category,Region,Quantity,Sales,Profit
2025-01-05,Laptop Pro,Electronics,North,2,2400,480
2025-01-12,Wireless Mouse,Electronics,South,10,250,75
2025-01-20,Office Chair,Furniture,East,4,800,120
2025-01-28,Notebook Pack,Stationery,West,25,125,40
2025-02-03,Standing Desk,Furniture,North,3,1350,270
2025-02-10,Ballpoint Pens,Stationery,South,50,100,35
2025-02-17,Laptop Pro,Electronics,East,1,1200,240
2025-02-25,Wireless Mouse,Electronics,West,15,375,110
2025-03-04,Office Chair,Furniture,South,6,1200,-90
2025-03-11,Notebook Pack,Stationery,North,30,150,50
2025-03-18,Laptop Pro,Electronics,West,3,3600,720
2025-03-26,Standing Desk,Furniture,East,2,900,-60
2025-04-02,Ballpoint Pens,Stationery,East,40,80,28
2025-04-09,Wireless Mouse,Electronics,North,12,300,90
2025-04-16,Office Chair,Furniture,West,5,1000,150
2025-04-23,Laptop Pro,Electronics,South,2,2400,470
2025-05-05,Standing Desk,Furniture,North,4,1800,360
2025-05-12,Notebook Pack,Stationery,South,35,175,60
2025-05-19,Laptop Pro,Electronics,North,25,30000,6000
2025-05-27,Wireless Mouse,Electronics,East,8,200,60
2025-06-03,Office Chair,Furniture,North,3,600,90
2025-06-10,Ballpoint Pens,Stationery,West,60,120,42
2025-06-17,Standing Desk,Furniture,South,2,900,180
2025-06-24,Laptop Pro,Electronics,East,2,2400,
2025-06-24,Laptop Pro,Electronics,East,2,2400,